id;localidad;nombre;telefono;plazas
1;Morella;Casa Rural El Portal;964173201;8
2;Morella;Masía La Pobleta;;12
3;Vilafranca;Casa Rural Els Ports;964441122;6
4;Vistabella del Maestrat;Casa Rural La Serrania;634852017;10
5;Culla;Casa Rural El Mirador;964759033;7
6;Culla;Casa Rural Mas de Bernat;;9
7;Benassal;Casa Rural Font del Pi;964761480;5
8;Ares del Maestre;Casa Rural L'Ermita;;4
9;Catí;Casa Rural Cal Forner;964716255;6
10;Catí;Masía El Maset;678120934;14
11;Xert;Casa Rural Les Moles;;8
12;Sant Mateu;Casa Rural Palau Vell;964416870;11
13;Peñíscola;Casa Rural Ses Palmeres;964480317;6
14;Alcalà de Xivert;Casa Rural El Corral;;5
15;Cabanes;Masía Torre Cabanes;625039184;16
16;Benicàssim;Casa Rural Les Palmes;964300556;8
17;Atzeneta del Maestrat;Casa Rural Mas de Mingo;964376102;7
18;Lucena del Cid;Casa Rural El Lledoner;;6
19;Argelita;Casa Rural La Ribera;964393277;9
20;Montanejos;Casa Rural Fuente de los Baños;964131890;10
21;Montanejos;Casa Rural El Balneario;;12
22;Fanzara;Casa Rural Ca la Tia Maria;964620418;5
23;Alcudia de Veo;Casa Rural El Molino;;7
24;Pina de Montalgrao;Casa Rural La Fonda;964131045;6
25;Barracas;Casa Rural Peña Blanca;612947305;8
26;Bejís;Casa Rural El Rincón del Palancia;964131622;9
27;Teresa;Casa Rural La Torre;;4
28;Vall d'Uixó;Casa Rural El Barranc;964690241;6
29;Sierra Engarcerán;Casa Rural Mas de Santa Bàrbara;649305812;13
30;Zorita del Maestrazgo;Casa Rural La Plaza;;5